tamanho	tempo	indice_dunn	delta_min
60	0.000157	0.7032	1.9000
90	0.000035	0.7032	1.9000
120	0.000072	0.0943	0.3606
150	0.000133	0.0585	0.2236
