tamanho	tempo	indice_dunn	delta_min
60	0.129420	0.7032	1.9000
90	0.000390	0.7032	1.9000
120	0.000400	0.0943	0.3606
150	0.000431	0.0585	0.2236
